i,pressure,temperature,shroud width,axial,thickness,width,laser power
1,0.374963,1428.303,134.237405,102.2644,9.999757,31.417,3659.3975
2,0.367152,1597.8562,125.039615,109.400716,9.92,14.85436,3981.7
3,-0.114935,1483.6828,131.216205,89.5528,9.9536,23.359,3755
4,-0.379223,1572.7478,137.64434,39.133648,8.8176,18.00391,3955.724
5,-0.303379,1445.9018,124.87172,37.440532,9.984122,33.55,3875.9
6,0.305436,1460.1826,132.81525,104.2948,10,26.965,3944.15
7,0.370273,1539.7318,139.781965,120.8404,10,18.52,3976.65
8,0.049345,1565.4502,139.851685,108.9604,10,16.879,4000
9,-0.087317,1585.6396,126.3315,111.088,9.8464,15.223,3960.1
10,-0.212141,1548.6934,150.608445,124.48,10,17.674,3998.5
11,0.449722,1464.6706,154.298005,106.7572,10,26.428,3747.6
12,-0.048595,1459.6974,151.40011,98.5168,9.974944,25.02004,3660.75
13,0.236441,1401.7304,139.32042,99.316,9.1072,39.99466,3999.75
14,-0.497003,1522.1,127.15785,37.032795,9.3936,22.14139,3931.1
15,0.057235,1538.8716,124.072845,109.7056,9.995027,14.218,3577.65
16,0.095569,1441.5978,136.309125,106.220224,10,30.025,3854.4
17,-0.393291,1435.03,130.666705,37.009068,10,33.34081,3818
18,0.065271,1516.6834,128.166865,103.8736,10,20.626,3961.05
19,0.04579,1536.2792,150.35466,118.232956,9.983941,18.75781,4000
20,0.261406,1594.0812,141.50463,125.5276,9.949696,15.41464,4000
21,0.00673999999999997,1555.4518,141.626605,122.2768,10,17.16064,3996.7015
22,-0.155621,1455.6302,128.147475,107.416,10,20.731,3500
23,-0.225069,1469.5632,142.723645,38.9656,10,31.10101,3995
24,0.224159,1470.8022,142.19889,105.58,10,26.023,3913.5
25,-0.33282,1553.0314,132.47274,42.918508,8.701733,19.30324,3949.1
26,0.462199,1458.0456,122.504985,94.186,10,28.213,3740.45
27,0.35083,1471.8762,129.165135,102.568528,10,25.22278,3921.1
28,-0.27174,1492.5634,139.07668,54.0424,9.1408,25.61491,3937.45
29,-0.321457,1575.808,146.34534,41.7304,8.777408,17.6551,3946.5
30,0.17224,1434.3742,120.152145,87.6628,10,32.36389,3998.95
31,-0.025493,1488.8624,142.526735,111.52,10,24.169,3960.9
32,-0.185258,1499.593,137.3201,115.163272,9.5784,21.87838,3964.3
33,0.316789,1519.8648,120.441,96.1408,10,20.914,3990
34,0.161058,1431.021,136.4388,103.215664,9.13092,32.833,3999.372
35,0.01912,1412.2998,137.534965,97.612408,8.124,39.907445,4000
36,0.132987,1562.8318,136.67897,116.8444,10,16.735,3998.462
37,0.099461,1467.334,147.003165,109.7596,10,26.743,3870.7
38,-0.394661,1567.2938,140.81345,46.8172,8.64,18.022,3946.1
39,-0.457217,1596.0534,140.34116,40.626316,8.543424,16.37662,3936.75
40,0.476947,1569.1604,135.355935,118.4212,9.688112,16.74835,3995
41,-0.487525,1583.5492,139.230365,37.183168,8.6904,17.35699,3945.85
42,0.29085,1446.9116,126.240465,96.076108,10,29.95,3729.405
43,-0.274294,1599.4318,134.546035,119.08,9.5168,14.839,4000
44,0.353863,1477.6862,141.93688,95.32,10,24.688,3730
45,0.10935,1541.4816,126.551755,105.58216,10,18.56836,4000
46,0.455606,1478.5564,141.128765,101.7892,9.994384,25.033,3773.25
47,0.495202,1408.479,125.202505,87.3712,9.981408,37.651,3684.7
48,-0.107862,1494.4998,129.811725,106.39,9.2536,23.419,4000
49,-0.430545,1486.8464,142.95573,37,10,27.4,4000
50,-0.436612,1418.9238,124.99632,37.032292,10,30.28996,3500
51,-0.327817,1481.4578,143.765,37.207252,10,28.17808,3921.8
52,-0.134356,1464.0436,154.391525,125.0092,9.998752,25.95439,3925.8
53,0.138908,1483.1152,134.0014,99.8776,9.999512,25.33,3914.3475
54,-0.408391,1542.8988,128.399475,37.108,8.9224,20.48404,3945.9235
55,0.286265,1436.8686,125.98682,92.5336,7.44144,33.29041,3999.310115
56,0.014792,1505.3712,150.797725,114.976,9.996,22.045,3999.6495
57,0.079116,1496.8684,146.061385,105.904,10,22.879,3950.45
58,-0.149422,1559.7988,139.996585,116.0452,10,17.305,4000
59,0.409722,1463.6306,152.20322,127.2016,10,24.961,3909.65
60,0.147259,1473.095,140.58595,102.1132,10,26.488,3907.2
61,-0.144103,1593.4374,121.639085,106.9732,9.93596,14.55709,3921.2
62,-0.054876,1547.4934,139.013925,124.7824,10,12.47464,3533.5535
63,0.03551,1403.689,153.269915,112.8268,8.4,40,3995.55
64,0.051461,1421.2996,144.687285,104.380336,9.999768,31.63006,3711.3
65,-0.015973,1433.3574,144.406165,111.0772,10,30.847,3815.85
66,-0.350848,1424.5034,147.94869,37,10,33.63247,3817.25
67,-0.124642,1489.5294,132.26729,107.4376,9.6056,24.277,3982.85
68,0.246363,1578.9918,128.563625,116.257636,9.999976,12.16378,3607.45
69,0.46848,1511.6078,122.08943,97.2856,10,21.1,3978.85
70,-0.09017,1456.5014,144.218915,116.3476,10,27.628,3911.95
71,-0.491841,1547.0936,143.350425,37,9.0576,19.98604,3941.472
72,-0.030622,1599.013,131.44045,116.3692,10,14.809,3998.743
73,-0.374873,1581.0634,130.82242,45.12106,8.6504,17.116,3935.5
74,0.444211,1432.1998,133.710935,103.290292,9.894352,30.29977,3957.5
75,0.011556,1532.3414,149.512105,125.4844,10,13.831,3553.55
76,-0.413277,1583.2914,145.148655,40.402,8.6176,17.173,3930.1
77,-0.42147,1416.0466,133.27802,37,10,30.811,3500
78,-0.34086,1405.3706,135.20575,37,10,33.1,3500
79,0.166777,1510.029,141.70952,103.2256,9.996088,21.268,3965.2
80,-0.483875,1554.9378,138.877845,37,9.0888,19.294,3937.6
81,0.389091,1525.8706,147.838265,116.8444,10,19.678,4000
82,-0.49646,1513.7748,143.94567,37,9.984,22.858,3923.5
83,0.397276,1426.8398,144.55621,110.8612,8.8224,33.691,3991.15
84,-0.268663,1504.3032,134.984655,40.166992,10,25.18864,3964
85,-0.102746,1534.063,151.939145,123.2704,10,18.766,4000
86,0.028282,1476.3586,138.14043,102.8044,10,26.176,3889.4
87,0.310414,1409.0574,122.424345,85.438,9.994413,36.814,3998.6315
88,0.192326,1490.721,143.9092,99.316,10,24.09496,3915.076
89,-0.278724,1589.4502,137.898965,73.99,10,15.115,3883.45
90,0.42638,1545.2842,154.50342,135.1936,10,19.29772,3999.4
91,0.463608,1430.0592,154.74674,114.922864,7.177384,39.769,3987.7
92,0.421057,1444.3404,152.08212,84.8224,6.6728,35.413,4000
93,0.232057,1518.9078,134.354655,93.835972,9.999902,21.324155,3952.35
94,0.19698,1595.6298,136.8756,121.5424,10,14.965,4000
95,0.219232,1579.4786,135.653645,119.1124,10,15.751,3998.2
96,-0.167645,1505.0636,130.194905,108.0316,9.779512,22.066,3991.9745
97,0.067529,1462.8574,123.11234,95.057668,9.983835,28.01041,3887.45
98,-0.438302,1562.4932,137.745175,37,9.154624,18.75331,3999.9125
99,0.28696,1545.8172,152.810225,126.7588,9.9936,18.115,3975
100,-0.152227,1514.0366,129.658635,109.1872,10,20.33269,3972
101,-0.346781,1421.6244,139.521425,37,9.998639,33.59704,3817.9
102,-0.159874,1426.148,127.593075,38.08,9.990568,28.375,3500
103,0.452485,1512.0254,121.95524,97.0804,10,21.136,3968.85
104,0.135465,1427.6436,122.97458,88.902424,10,34.00477,3999.995235
105,0.347484,1542.6564,120.870345,102.0484,9.996,18.7768,4000
106,-0.334537,1431.7314,120.804475,37,10,28,3500
107,-0.228946,1482.462,123.698555,71.5168,9.84,24.01,3739.45
108,0.400332,1479.3418,147.36076,123.6376,10,23.65546,3989.446
109,-0.265693,1442.2542,125.92354,37.9396,9.98432,26.875,3526
110,-0.385138,1424.925,123.81234,37.108,9.999224,29.191,3500.064
111,-0.098042,1550.8032,130.06173,110.3104,9.98368,17.734,3977.924
112,0.076044,1548.3516,143.31868,124.815448,9.999904,15.31723,3662.65
113,0.428991,1411.0734,128.410815,93.754,9.992,34.4353,3993.9
114,-0.051474,1577.321,124.70225,108.28,10,15.811,3975
115,-0.29308,1454.5496,150.258375,122.648752,8.847232,27.604,3988.854
116,-0.298536,1540.1648,122.12702,45.9532,9.1664,20.28811,3947.5
117,-0.039276,1436.4598,124.558225,61.732,9.998728,34.68577,3983.578
118,0.363473,1540.826,129.408455,110.7208,9.99008,18.6502,4000
119,0.119446,1558.4744,125.33547,108.0316,10,17.26708,3997.148
120,-0.306865,1443.9026,143.070285,44.938,6.0536,39.907,4000
121,0.280025,1590.0954,129.96947,113.9932,10,15.256,3989.1955
122,0.252327,1520.3102,133.367935,113.1292,9.974528,19.978,4000
123,-0.201541,1422.9092,144.143385,111.4012,10,32.665,3833.35
124,-0.106215,1567.8032,122.277345,38.2744,8.9688,18.397,4000
125,0.313829,1503.3344,131.036235,108.0532,9.96,21.397,3970.1835
126,0.497361,1497.5172,142.838305,119.4256,10,22.027,3990
127,-0.280618,1557.6028,149.300285,43.754212,8.946984,18.87505,3959.2
128,-0.25352,1414.0286,146.01277,37,10,40,4000
129,-0.363872,1508.4338,154.773095,37,10,24.211,3935.5
130,-0.345525,1533.3496,127.39193,37.839052,9.791424,21.385,3963.9
131,-0.354783,1402.0292,146.20177,120.969136,9.911928,25.129,3647.95
132,0.395063,1524.7906,147.5023,125.9812,10,19.834695,3972.7625
133,-0.36824,1474.2252,150.995685,37,10,29.26,3924.15
134,-0.111938,1527.0694,149.958145,122.32,9.968128,13.3918,3500.004
135,0.05662,1457.6648,153.867575,109.414,10,28.19125,3881.3175
136,-0.240162,1450.4014,134.174335,38.512,10,25.473305,3500
137,-0.190311,1535.266,142.297135,122.3308,9.991712,13.05514,3502.6
138,-0.4483,1495.3528,146.40351,37,10,25.225,3912.35
139,0.270016,1413.4252,152.709005,113.2372,10,33.41746,3678.7265
140,0.439146,1531.7512,132.095755,112.6,10,18.409,3940
141,-0.028383,1553.5998,148.472325,121.521448,10,14.07979,3614.1
142,0.338791,1535.8696,145.844595,129.988,9.971804,13.31992,3572.35
143,0.433872,1417.777,144.94919,108.28,10,35.914,3844.35
144,-0.208084,1570.3132,137.055465,120.3976,10,16.58026,3998.76
145,-0.222179,1561.3486,151.727045,134.2,10,16.282,4000
146,0.440792,1564.6696,132.60931,114.0796,9.999903,10.573,3500
147,-0.096085,1530.809,146.701675,120.0736,10,15.459266,3605.05
148,0.155481,1462.004,140.6724,106.2064,10,27.748,3900.3
149,-0.205573,1564.169,132.55625,114.382,9.991576,17.059,3999.173
150,0.024078,1416.8988,154.94708,114.94306,8.328,39.98284,3999.4985
151,-0.018695,1501.5342,129.789185,106.4548,10,22.447,3936.2
152,-0.197875,1437.5614,153.37082,123.508,9.726848,29.8,3995.2255
153,0.474599,1429.612,135.08213,89.939872,6.971368,37.771,3999.75
154,-0.073783,1586.1706,154.093395,121.3696,9.997837,15.41257,3999.913
155,0.381215,1405.1412,133.120345,95.1148,10,37.837,3989.55
156,-0.371208,1574.354,129.48927,44.248096,8.7048,17.64007,3932.4955
157,-0.473097,1468.9044,120.669165,38.5768,9.992,23.91064,3500
158,-0.0721,1558.7076,121.39937,103.582,9.984,17.575,3999.564
159,-0.425747,1502.1908,125.42143,37.300132,10,24.871,3953.4
160,-0.036616,1556.3956,125.833065,113.073364,9.72,12.556,3552.05
161,0.279382,1402.9918,145.463375,105.634,8.964,39.80893,4000
162,-0.045499,1568.4772,147.127765,115.3216,10,16.6,4000
163,0.417136,1490.229,128.02487,104.986,10,22.63207,3957.05
164,0.473062,1549.8738,137.20936,113.5828,10,17.959,3993.6
165,-0.162795,1439.5886,151.6064,119.1772,9.36,31,3990.5
166,-0.337636,1406.7164,145.66172,120.902068,9.267328,24.73705,3977.65
167,0.344036,1461.0678,127.252,98.236,10,27.54031,3723.2
168,0.227531,1537.7228,150.857085,119.3176,9.704,18.58,3999.85
169,-0.445843,1435.4658,138.203885,37,9.998896,33.09916,3824.1
170,-0.067977,1475.8086,146.85305,118.5292,10,25.29847,3927.78
171,0.110319,1552.2186,141.05831,120.16,10,17.356,4000
172,0.18187,1529.2096,125.560835,105.7312,10,19.61872,3999.94
173,-0.28709,1580.313,153.954025,129.826,10,15.568,4000
174,0.384221,1551.543,133.617345,121.2616,9.992,12.2422,3551.7
175,-0.387922,1466.3026,127.03661,37.0324,9.929384,29.53,3881.6
176,-0.170134,1410.5448,142.09242,42.2272,10,40,4000
177,0.488213,1506.8218,150.202375,127.6012,9.990655,21.59191,3993.3
178,0.335895,1418.36,125.68372,91.766692,9.993704,33.76114,4000
179,0.122077,1581.975,142.50577,114.544,9.868984,15.481,3989.75
180,0.1777,1457.1748,145.74159,109.286236,10,28.10059,3878.6595
181,-0.194718,1449.0692,124.240635,38.1556,10,25.555623,3500.7085
182,-0.300682,1578.4842,130.44813,41.979772,8.841592,17.44222,3954.55
183,0.201966,1480.2832,135.43101,104.25376,10,24.8938,3917.8
184,-0.011921,1446.2722,147.76319,112.5136,9.034768,30.15334,3999.74014
185,0.195949,1556.7846,131.116385,117.784,10,13.147,3596.7
186,0.241245,1452.993,143.6173,101.4112,9.991994,28.48,3740.701
187,0.103491,1550.1098,153.637975,122.9356,10,14.37367,3624.3255
188,-0.325379,1485.7422,145.329255,43.18516,9.848696,27.451,3923.5
189,0.301178,1518.3276,146.498395,122.675968,10,20.44609,4000
190,-0.36191,1529.8592,148.297395,38.08,10,21.7,3995
191,0.220858,1520.8514,121.52306,97.9768,10,20.644,3969.95
192,-0.317966,1415.8696,144.828265,37.162324,10,30.58,3500.0395
193,0.264109,1533.2968,141.337645,122.374,10,15.061,3622.35
194,0.30703,1447.4302,122.790935,93.1924,10,29.55109,3687.2
195,-0.4543,1527.8378,121.80971,37,10,21.51121,3925.8
196,0.03971,1521.9256,148.71253,131.3704,9.2224,17.146,3748.55
197,-0.452323,1425.7654,124.434815,37.00018,10,33.004,3824.9
198,0.144119,1515.5148,149.697185,114.4468,10,20.563,4000
199,0.158185,1560.997,148.121905,125.959168,10,17.05618,4000
200,0.090981,1441.2602,145.2588,111.7036,9.923144,29.266,3808.95
201,0.333021,1569.5758,146.759915,123.0652,10,10.309,3527.8
202,0.204627,1572.6448,126.669075,110.2888,10,16.31338,3998.9705
203,0.114403,1412.7126,135.59082,97.0048,8.7304,38.4688,3999.8
204,-0.413757,1570.7756,136.9428,40.79242,8.6144,18.146132,3933.8285
205,0.030548,1409.7006,122.81981,82.5436,10,39.799,4000
206,-0.12803,1585.0292,126.879845,110.7748,9.990752,15.9538,3996.6325
207,-0.234125,1571.8884,121.193885,103.96,10,17.065,3999.940495
208,-0.118379,1588.3108,124.421515,108.713944,10,15.61045,3971.6
209,0.391866,1404.2302,148.39795,108.1396,9.4776,40,4000
210,0.084839,1420.478,130.927105,64.9936,10,36.84898,3962.372
211,-0.085431,1538.3422,138.61552,119.998,10,14.68984,3594.1
212,-0.219116,1484.942,120.29561,71.0632,9.921184,23.97982,3746.75
213,0.214267,1500.603,136.74736,112.6,10,21.82507,3989.5515
214,-0.13108,1452.583,130.332805,100.7524,8.4368,29.548,3993.68
215,-0.419831,1439.2462,135.987755,37,10,27.31,3500
216,-0.238729,1586.86,147.266995,124.21,10,15.52027,4000
217,0.00055000000000005,1546.063,149.061795,115.5052,10,18.004,3994.5725
218,0.00499300000000003,1495.0486,120.059185,96.417604,10,23.425,3993.664
219,0.206733,1479.3272,152.491585,102.3832,9.998112,25.216,3877.75
220,0.340988,1524.079,126.96731,112.8808,10,13.438,3500.272405
221,0.185028,1476.9476,137.38961,99.7264,9.99356,26.02291,3900.55
222,-0.020755,1528.5062,132.91367,112.589308,10,19.69408,3996.5
223,-0.245866,1584.105,136.20997,120.0952,9.996819,15.891386,4000
224,0.27458,1560.3508,140.177325,122.3848,10,17.359,4000
225,0.164019,1488.3532,128.73481,96.994,10,24.87796,3899.412
226,0.492264,1468.2648,150.085755,125.128,10,24.358,3931
227,-0.120294,1510.8068,127.542955,105.7852,10,21.622,3997.9285
228,-0.23059,1526.2304,148.08526,127.4716,10,19.06,4000
229,-0.066498,1577.8446,144.281845,119.807056,10,12.09103,3592.5
230,-0.380828,1509.0572,152.14799,37,10,24.08452,3934.824
231,-0.460075,1503.2016,140.42796,37,10,24.07261,3909.2
232,-0.262368,1500.8722,131.666095,68.64508,9.481575,21.66172,3757.9
233,0.238388,1438.5698,139.670175,108.7444,10,30.87757,3944.4
234,-0.257378,1588.7824,132.166175,112.492,10,15.88279,3984.65
235,0.360571,1414.988,149.588965,109.916416,9.4592,39.64597,3994.099
236,0.186885,1406.3412,135.76204,95.9248,9.92,39.556,3992.5
237,0.25793,1598.5402,120.504315,105.31,10,15.19165,3999.978
238,-0.139767,1507.5466,124.19083,101.7352,9.999024,21.895,3983.489
239,-0.481693,1582.2138,131.93192,37.8208,8.677728,17.29318,3930.6
240,0.152246,1491.627,135.886955,107.2,10,23.2,3978
241,-0.29364,1594.9288,151.105025,83.5588,9.99892,16.022262,3999.179
242,0.101888,1593.0124,128.916495,113.68,10,15.088,4000
243,-0.00833400000000001,1461.4528,148.960925,112.7296,9.731661,27.181,3872.6335
244,-0.469509,1422.0346,149.175405,37,9.998238,29.704,3500
245,-0.142437,1448.4664,152.41539,123.90436,9.718624,28.189,3922.05
246,0.4318,1517.5994,151.28776,130.4524,9.582344,20.788,3996.7
247,0.247814,1449.3716,138.51213,107.6752,9.984,28.927,3946.3
248,-0.062175,1543.5712,143.540055,115.678,10,18.334,4000
249,-0.176913,1597.061,153.219585,118.9828,10,15.09256,3996
250,-0.426701,1576.3482,129.216865,37.98172,8.6792,17.83102,3940.4155
251,-0.314609,1429.0928,151.804115,37,10,28.342,3500
252,-0.286517,1433.2512,153.590515,113.299624,9.972,39.94,3988.7065
253,0.175065,1467.1116,149.828505,104.4784,10,27.04216,3904.4
254,0.082637,1537.3112,152.558505,130.96,10,18.583,3994
255,0.25465,1453.6594,138.725595,110.2672,9.999792,28.102,3886.7
256,0.299562,1450.891,140.94953,112.384,10,28.099,3886.55
257,-0.00651099999999999,1487.5154,145.014675,113.5504,10,24.24301,4000
258,-0.058969,1492.6776,152.97546,114.5872,10,23.653,3960
259,-0.182682,1574.7762,151.241875,122.0824,10,16.20172,3998.7795
260,-0.248483,1515.252,141.442715,38.08,10,23.8,3970
261,0.126069,1400.05,121.102465,63.0496,10,40,3859.55
262,-0.041709,1498.785,129.03532,105.7204,9.996,23.032,3941.8
263,0.485961,1465.6634,131.737355,104.5,9.999668,26.611,3764.1715
264,-0.175157,1419.433,133.868015,37,9.985424,38.662,4000
265,0.129571,1591.7896,131.88985,109.36,10,15.325,4000
266,-0.477302,1474.8366,148.89124,37,10,28.261,3918.7605
267,-0.474899,1407.465,123.29021,37,10,32.692,3500
268,-0.404324,1506.4956,134.7532,37,10,24.28186,3940.4
269,0.359662,1554.1368,138.006905,120.052,10,17.69239,3989.45
270,0.141738,1473.9772,121.001315,94.086532,9.992,26.79157,3897.55
271,0.04038,1486.3546,127.79912,100.916884,10,25.03279,3906.5
272,0.295858,1544.558,123.449915,110.8504,10,12.49672,3532.4
273,0.32462,1444.681,154.62893,85.9996,6.164,35.833,4000
274,-0.398189,1493.7872,123.94618,38.626372,10,25.83802,3920.95
275,0.414481,1470.6042,133.4379,107.839576,9.999712,25.33369,3828.65
276,0.070889,1443.0044,138.3197,108.6472,10,29.22346,3800.55
277,-0.250805,1516.336,126.16686,67.837132,9.9984,20.98192,3892.9
278,-0.164341,1401.0176,128.831585,100.1368,10,28.252,3650.25
279,0.022168,1523.2216,136.56116,115.4296,10,20.0716,4000
280,-0.465976,1411.672,132.97058,37.300132,10,31.831,3501.2325
281,0.062862,1566.4572,130.58281,113.9932,10,16.53352,3996
282,-0.216231,1472.2252,123.538115,71.417224,9.7,24.62887,3737.55
283,-0.077165,1512.828,150.552025,119.6416,10,21.136,4000
284,0.480197,1454.8508,134.670915,100.9036,10,27.88492,3710.4
285,-0.189734,1523.56,148.64148,113.68,9.52,19.6,4000
286,0.456858,1587.7678,153.062505,135.5716,10,16.7212,4000
287,-0.082818,1440.5656,153.72894,122.6008,9.998162,29.776,3857.85
288,0.268806,1563.5662,123.154165,106.4872,9.847512,15.556,3916.6785
289,0.410968,1509.6446,134.85904,113.7772,9.995864,21.02002,3997.38
290,-0.359102,1458.848,143.11981,117.7624,8.4944,25.156,3932.455
291,-0.44306,1481.2818,147.53506,37.562464,10,27.844,3957.545
292,0.089935,1530.5896,140.22972,120.6244,10,19.222,4000
293,-0.311173,1591.3178,122.60757,57.9088,9.961944,15.91114,3968.718
294,-0.001029,1573.5834,131.34049,109.6192,10,16.246,3987.1245
295,0.21248,1423.7854,133.977915,99.498412,9.821568,34.132,3999.853725
296,0.406331,1484.3014,127.929215,104.4028,10,23.47156,3999.97782
297,0.321746,1592.355,121.412215,105.720292,10,15.49108,4000
298,-0.4012,1498.4528,141.925295,37,9.999864,25.16518,3917.95
299,0.379497,1451.4834,126.424985,97.488208,10,28.82089,3698.1
300,0.328049,1496.3718,139.39042,116.9308,9.999416,21.73204,3964.956
301,-0.464119,1407.2858,147.111035,37,10,32.701,3500
302,-0.365769,1445.1058,150.32526,37.038607,10,32.81149,3840.85
303,0.237549,1414.6416,136.375975,99.154,8.7752,36.838,4000
304,0.031899,1517.725,154.339725,114.8032,9.99977,20.6404,4000
305,0.131019,1572.2578,132.68204,115.7104,10,16.2265,4000
306,-0.480006,1592.3198,136.054325,37,8.756232,16.68523,3942
307,0.461637,1527.4622,128.29374,108.98308,10,19.3003,3969.45
308,0.137142,1467.7544,120.98665,93.92032,10,27.055,3736.2765
309,-0.160563,1508.1506,133.56537,111.48112,9.986953,22.06048,4000
310,0.2618,1411.3668,129.071125,92.244592,10,36.73864,4000
311,-0.450908,1552.5424,137.356395,37.78516,8.81484,19.62412,3931.9
312,0.111955,1594.3414,144.343515,115.84,10,14.794,3990.1405
313,0.228623,1576.8802,142.137465,125.1604,10,16.249,4000
314,0.338217,1522.3538,135.1403,113.0428,9.977768,19.957,4000
315,-0.196234,1548.0688,124.280675,106.1092,10,18.124,3989.3195
316,-0.132138,1471.574,120.359065,96.994,10,22.90498,3657.5
317,0.376898,1567.6312,135.014895,122.6008,10,12.32413,3593.45
318,0.489354,1460.9146,134.887985,100.4176,10,27.37498,3736.7
319,0.073534,1473.632,133.80442,102.448,10,26.56327,3892.7
320,0.328556,1513.6508,143.988335,122.9896,9.99356,20.82907,3996.7795
321,0.106441,1481.709,125.44166,98.8732,9.999749,25.726,3899.9635
322,0.36638,1575.6132,123.338825,106.5952,10,16.375,4000
323,0.315056,1426.395,146.46063,109.9972,8.156,36.274,4000
324,-0.434419,1514.819,154.056715,37.9828,10,23.053,3928
325,0.403868,1565.6724,128.603735,116.38378,9.99192,11.716,3556.7795
326,-0.255655,1521.1214,127.335055,106.9732,9.846184,20.248,4000
327,-0.081092,1568.8534,121.337105,104.5648,10,16.73611,3976.5
328,0.191001,1573.2738,149.111775,131.5648,10,16.549,4000
329,-0.227463,1563.0006,141.25788,105.411844,10,17.197,3967.5
330,-0.295769,1413.0094,129.529765,37,10,31,3500
331,0.330064,1580.889,149.756685,132.2992,9.998847,16.77877,4000
332,0.230175,1448.949,133.68885,103.96,9.996,29.476,3914.0865
333,0.16869,1558.1704,131.55672,114.3064,10,17.113,3997.5
334,-0.407568,1560.0012,151.750915,41.315248,8.7808,18.817,3945.55
335,-0.236971,1538.175,145.80354,126.1648,10,18.259,4000
336,-0.210311,1440.9884,144.8514,116.17966,8.651176,28.657,3948.7695
337,-0.157307,1545.5622,135.46839,116.11,9.998208,18.238,4000
338,-0.129113,1429.7368,125.08536,97.5421,9.197736,27.44434,3636.5075
339,0.493753,1566.2866,128.63408,115.4188,10,12.91156,3616.3
340,-0.384458,1533.8964,143.009525,37.725652,8.928648,21.31768,3938.6
341,-0.282853,1576.2168,142.013215,124.9336,10,16.048,3999.209
342,-0.355476,1484.4138,151.5098,37.0621,9.9984,27.6064,3923.274
343,-0.07987,1457.757,120.231035,92.610928,9.991224,27.496,3747.97
344,0.454355,1424.129,150.943535,110.818,7.7304,40,3999.9
345,0.415638,1550.5178,141.19782,122.32,10,18.22,4000
346,0.097249,1468.4506,138.16395,108.6796,9.990568,26.776,3884.6
347,-0.443967,1419.7248,150.50803,37,10,33.073,3824.25
348,0.146136,1598.9316,123.650675,103.9384,9.960441,15.0562,3988.8
349,-0.399013,1444.2892,140.28313,37.007651,10,32.6332,3837.2
350,0.276658,1423.1634,124.5388,91.369792,10,33.07,4000
351,-0.011416,1443.624,121.575175,93.3544,9.978456,28.192,3635.85
352,0.233597,1428.8756,132.767125,99.154,9.998791,32.716,4000
353,-0.014202,1478.7878,127.462175,101.6488,10,24.58066,3809
354,-0.043855,1496.1988,134.063945,110.1808,10,23.521,3990.1
355,0.399515,1579.3132,142.350265,124.8904,10,16.525,4000
356,-0.493346,1574.0496,134.620025,37,8.747488,17.99317,3934.2315
357,-0.117549,1590.717,132.41919,114.76,10,15.532,4000
358,-0.233114,1519.5224,151.49741,69.782536,9.998956,20.21086,3822.85
359,-0.244377,1420.0382,140.049575,37,10,39.193,4000
360,0.244032,1544.9634,127.84882,115.084,9.999459,12.70345,3548.027
361,-0.108858,1485.349,129.2988,87.652,9.992184,23.617,3754.186
362,-0.449874,1477.1204,145.395615,37,10,28.111,3920
363,-0.100204,1555.0638,139.033735,119.4148,10,17.37904,3999.5265
364,0.475703,1460.4924,128.958425,101.3248,10,27.166,3721.25
365,-0.198397,1497.7448,129.992535,107.25562,9.2576,22.67698,3988.47
366,-0.476341,1546.905,141.694645,38.0368,9.192,19.882,3933.95
367,0.086097,1497.2796,121.753255,97.8796,9.998096,23.78047,3912.45
368,0.013091,1491.1778,144.484565,110.9692,10,23.689,3955
369,0.242549,1504.6782,154.126785,131.7484,10,21.835,3999.81
370,-0.060139,1579.719,138.03235,116.4664,10,15.88174,3996.65
371,-0.424257,1451.0522,134.48321,37.116936,10,31.24,3850.6
372,-0.343648,1478.2062,126.507865,37,10,28.651,3922.4
373,-0.125857,1476.0574,132.351535,93.16,9.9648,23.8,3758.5
374,0.272375,1477.5936,149.689345,104.6188,10,24.685,3941.9
375,0.498385,1410.2584,139.646515,103.636,9.974224,36.01,3963.8
376,-0.103714,1479.8494,152.353895,117.5032,10,25.216,4000
377,-0.04674,1595.0494,149.562015,124.3612,10,14.707,4000
378,-0.29116,1589.8812,120.8946,74.1196,10,15.973,3972.55
379,0.205493,1404.811,137.936485,64.7128,10,39.69826,3868.15
380,0.044848,1517.283,143.240735,113.194,9.996984,20.68912,4000
381,0.276691,1502.3496,145.683,106.3144,9.9752,21.532,3958.6
382,-0.214308,1529.5692,140.384525,120.16,10,18.859,3968
383,-0.017728,1430.6148,127.976675,63.4492,9.979672,35.37007,3977.85
384,-0.270983,1537.3364,120.045605,42.0976,9.965096,20.839,3970.7
385,-0.093072,1487.8736,136.992745,117.5464,9.9746,19.4266,3620.9
386,-0.459913,1415.2528,139.15697,37,9.992504,30.90064,3500
387,-0.46242,1474.5438,130.22875,37.758376,10,28.13335,3906.5
388,0.159781,1412.4232,147.685455,107.6752,9.9968,40,4000
389,0.48364,1453.1932,144.781365,114.2632,9.936,27.16,3874.3
390,-0.154232,1483.5932,130.29693,106.81174,9.735112,23.44576,3969.4
391,0.116945,1554.6184,135.947995,118.3996,10,13.50745,3601.227
392,-0.369337,1599.8166,154.8943,41.796604,8.683328,16.03426,3945.156
393,-0.275252,1519.3324,130.407285,38.597104,9.999121,23.167184,3964.2
394,0.352933,1502.8432,154.4449,127.2556,10,21.88924,3999.501
395,0.346304,1490.4366,140.73169,118.7128,9.999856,21.997,3940.65
396,-0.433317,1441.7842,123.02638,37,10,32.707,3832.7
397,-0.099708,1458.5368,126.76011,97.3504,9.6136,24.469,3633.75
398,-0.184321,1541.015,153.69751,121.132,10,18.367,4000
399,0.301992,1403.4042,120.53837,65.333152,10,40,3814.35
400,0.308652,1508.8548,142.880445,121.24,10,21.151,3998.1
401,0.037548,1564.5798,150.40576,120.97,9.974568,14.19331,3657.5
402,-0.490924,1400.459,125.18707,37,10,33.1,3500
403,-0.069113,1540.4798,152.647405,116.9308,9.99664,15.12754,3618.62
404,0.483263,1470.0536,153.89911,106.984,10,25.72,3770
405,0.369782,1403.0188,126.92881,88.786,9.9512,38.101,4000
406,-0.296727,1582.7906,154.70698,44.1172,8.592336,17.08822,3944.239
407,0.06127,1408.0316,139.903555,99.7912,8.6592,40,4000
408,0.441732,1596.6966,120.623735,106.2928,10,14.155,3935.65
409,-0.335223,1469.1782,141.845915,37.254772,10,29.95132,3909.2
410,-0.305103,1597.3344,147.893425,38.3932,8.786896,16.35583,3979.5135
411,0.046911,1570.6142,121.99584,104.2624,10,16.675,4000
412,-0.00450099999999998,1406.2946,149.25699,109.1008,8.1648,40,3999.5235
413,0.017605,1463.1468,148.23163,111.5092,10,26.458,3833.7
414,-0.110611,1561.934,135.83498,118.6264,10,16.96906,3997.5275
415,0.178866,1486.0966,145.93255,99.0352,10,24.874,3896.35
416,-0.429237,1596.5034,153.07948,42.16402,8.6184,16.162,3922.9
417,-0.075639,1475.0494,128.24901,96.3676,10,23.53996,3735.8
418,-0.277166,1573.9568,123.56279,89.92,10,17.06263,4000
419,-0.467695,1442.824,154.58105,37.100763,10,32.371,3838.8
420,-0.173146,1588.4936,141.392805,121.7908,9.9632,15.30274,3982.4785
421,0.478864,1432.8066,151.065615,86.572,6.4216,40,4000
422,-0.116229,1438.7212,152.519375,121.818988,10,29.90206,3860.75
423,-0.00672699999999998,1499.7884,126.813345,103.6792,10,22.996,3999.89776
424,-0.083492,1506.123,147.207775,123.0544,10,16.537,3580.55
425,0.423551,1451.7752,140.50146,112.47526,10,27.5974,3865.7
426,-0.165391,1410.8648,147.804875,41.8708,10,39.88666,3999.75
427,-0.329671,1499.1654,120.728105,37.009288,10,25.67107,3936.9
428,-0.28349,1536.5326,146.795405,127.6768,10,18.277,3997.5
429,-0.264625,1552.8402,141.542395,123.6052,9.99752,17.47,3998
430,0.372459,1559.1642,122.66399,104.85802,9.925736,17.48104,4000
431,0.418407,1402.6666,149.455685,109.4356,9.9784,40,4000
432,-0.417447,1422.5786,149.0192,37,10,29.656,3500
433,-0.14824,1561.2474,147.468385,125.128,9.9968,16.717,4000
434,-0.242751,1430.7314,154.86931,114.651136,9.999928,40,3994.5
435,0.189555,1482.9422,152.138155,100.4176,10,25.066,3909.85
436,0.210092,1549.2342,142.68749,123.3136,10,13.15024,3588.284
437,0.387336,1595.848,135.738835,122.3524,10,10.558,3588.45
438,0.198523,1584.834,130.90502,115.3216,10,15.56242,3999.52
439,-0.456359,1417.5944,130.131415,37.189864,9.996184,30.64,3500
440,0.265427,1466.974,130.53584,104.5648,9.8272,25.903,3779.9
441,0.053596,1434.1862,153.441625,120.1276,8.626184,33.10081,4000
442,0.333984,1400.6722,133.506885,93.490912,9.978624,39.97165,4000
443,0.150746,1447.1874,126.415535,97.4908,9.989472,28.846,3917.5
444,-0.2033,1568.3094,132.22116,113.7988,9.999024,16.975,3998.8475
445,-0.322094,1583.9654,144.592505,46.97218,8.794296,16.789,3937.95
446,-0.248012,1416.5416,120.25564,37,10,39.874,4000
447,-0.361481,1407.8016,148.760585,124.6528,8.459928,24.02311,3652.1635
448,0.402962,1456.1426,124.92653,96.2164,9.959809,28.516,3729.335
449,0.00937500000000002,1542.065,146.162885,118.9072,9.998886,18.3064,3999.6375
450,0.427803,1577.6206,150.14648,129.1132,10,16.888,3997.2
451,-0.352698,1408.784,152.761505,127.9576,8.341408,24.145,3632.5
452,0.121013,1522.6836,127.485765,96.7456,9.98488,20.49652,3933.052
453,0.471321,1566.9734,123.42125,106.7572,9.967725,16.61587,3981.55
454,-0.052887,1530.11,137.18731,116.704,10,19.324,3990.936
455,-0.357819,1459.5292,122.56333,37,10,24.74032,3500
456,0.412704,1528.6822,123.884125,104.7052,10,19.177,3972.55
457,-0.209773,1427.7956,141.09576,37,10,37.432,3999.55
458,-0.024208,1557.2836,150.022125,118.673272,9.985216,13.5595,3600.5
459,0.033371,1580.4494,123.08595,106.7464,10,15.68788,3969.45
460,0.266825,1501.7674,129.34199,107.578,10,21.715,3979.054
461,-0.093763,1428.4452,135.2299,105.0724,9.205664,30.14248,3833
462,0.0639380000000001,1582.4862,130.7681,113.7988,10,15.661,4000
463,0.355232,1546.5182,139.455835,117.6868,10,11.638,3503.864
464,-0.056627,1571.019,122.20668,105.4504,10,16.67137,3996.387
465,0.438325,1534.6126,152.92653,112.4272,10,12.724,3500
466,-0.440578,1587.4168,127.703395,37,8.9472,17.00377,3971.6255
467,-0.479662,1555.9748,153.136005,37,8.8784,19.189,3942.35
468,-0.410629,1461.6978,151.854515,37.143337,9.7624,30.30532,3881.2
469,0.381932,1471.3262,124.139975,97.642,10,26.443,3777.8065
470,0.026118,1578.1872,144.19417,114.8788,10,15.94354,3999.5
471,0.391271,1436.2006,136.59945,105.5152,10,30.358,3687.2
472,-0.319193,1511.7866,148.645925,37.2376,9.983792,24.013,3965.55
473,0.15355,1587.2308,145.09787,129.3832,9.999844,15.497347,4000
474,0.020625,1543.05,122.22593,103.7548,10,18.379,3995
475,0.115544,1449.7756,148.53571,111.9412,9.992,28.957,3856.22
476,-0.218254,1539.1912,143.16853,122.8168,9.949272,18.376,4000
477,-0.498628,1513.0806,146.291405,37,10,22.921,3923.6
478,0.0595599999999999,1452.2388,152.874555,107.5024,10,28.267,3816.05
479,0.436618,1521.6226,125.50697,104.9644,9.996,20.1808,4000
480,-0.315176,1531.6614,147.614405,39.38086,9.519736,21.53719,3955.8
481,-0.251965,1541.7168,131.988655,113.296492,9.984,18.62308,4000
482,0.283096,1520.6184,133.905885,115.9372,10,17.812,3890
483,0.21666,1494.0304,142.278165,102.934,9.960576,22.99447,3946.0125
484,-0.439717,1472.9656,151.64448,37,10,28.423,3898.85
485,0.342316,1516.0874,143.813265,122.9464,9.999968,20.69449,4000
486,0.069793,1419.312,140.6472,107.9452,9.881432,31.102,3715.65
487,-0.289625,1463.8568,125.6406,38.050084,10,24.06814,3500
488,0.107333,1482.0164,122.72454,96.663844,9.860704,25.63132,3916.4
489,0.209671,1584.5402,127.689815,111.52,10,15.4,3988.9
490,-0.402138,1556.0708,134.42616,41.32,8.8176,19.123,3955
491,-0.135684,1420.9608,127.21133,57.8548,10,37.792,4000
492,0.08135,1525.142,151.37015,116.1208,10,19.76329,3999.8665
493,0.042417,1531.1308,134.327635,118.810216,9.936,15.196,3593.1
494,-0.180608,1589.2104,121.71829,103.042,10,16.12414,3999.653
495,-0.089608,1493.5226,132.054175,108.1936,9.999121,23.84551,3968.05
496,0.421932,1455.8144,121.90246,92.8036,10,26.725,4000
497,0.303645,1415.631,125.7281,90.4492,10,34.97632,3999.829115
498,0.08824,1528.2932,145.218865,132.472,9.9912,12.403,3500
499,0.294155,1437.04,152.28701,121.228444,10,30.43414,3845.05
500,-0.396137,1434.772,137.69453,37,10,33.2173,3820.3
501,0.313044,1413.758,128.76295,93.3652,9.556152,35.386,3989.746
502,0.450682,1553.9544,143.42487,124.3504,9.997802,18.11104,3999.19
503,0.446514,1472.6656,133.18296,99.1864,10,25.747,3741.842
504,-0.032493,1465.2168,131.16892,107.6428,9.840616,22.768,3647.35
505,-0.221461,1514.452,128.05462,108.1504,9.989194,19.83928,3933.9135
506,0.101558,1425.0524,137.4762,100.72,7.408,36.169,4000
507,-0.070664,1549.6428,129.156525,111.0448,10,17.77,3984.75
508,-0.422837,1500.314,144.07783,37,10,24.997,3935
509,0.24855,1585.9918,134.20251,118.2592,10,15.54937,3996.743
510,-0.168354,1547.9702,141.76965,115.2784,10,18.064,4000
511,0.140668,1462.353,122.87469,94.3264,10,28.057,3738.6005
512,0.124657,1539.6208,137.616025,121.186,9.991144,15.54127,3645.2
513,0.181127,1475.4494,131.40111,102.07,10,26.02219,3909.1
514,-0.389823,1405.6728,138.314625,37,10,32.686,3500
515,-0.137986,1432.4516,138.455955,41.32,9.979317,27.388,3500
516,-0.174765,1534.988,126.63719,107.956,9.345624,18.583,4000
517,0.072203,1466.6436,139.305335,106.4872,10,27.0934,3867.65
518,0.394398,1501.2004,149.367065,127.3096,10,22.04107,3999.451
519,-0.187611,1518.547,142.41127,120.013552,9.939768,20.2,3999.302
520,0.0945,1562.3086,138.57114,105.9904,10,17.134,3998.2025
521,-0.121807,1440.2928,139.768,109.603648,9.111184,29.96014,3854.05
522,-0.470341,1489.8106,136.22145,37,10,25.498,3896.25
523,-0.00275599999999998,1515.8626,126.066235,105.0724,10,20.914,3974.25
524,0.173611,1418.2698,137.803905,100.5472,8.211576,37.237,4000
525,-0.023068,1487.2244,148.861315,112.6,10,24.4,4000
526,-0.192918,1507.063,121.488445,101.9404,10,19.477,3913.4375
527,0.00528700000000004,1498.2372,146.90527,113.464,10,22.82875,3977.5225
528,-0.4866,1591.579,129.597665,37,8.727296,16.75042,3942.4
529,-0.027106,1465.8786,143.49585,116.5204,10,26.464,3868.6
530,0.09173,1480.3876,143.666895,103.1176,9.996483,25.6,3904.8
531,-0.338549,1532.8592,140.885585,37.976428,9.903424,21.463,3968.3
532,-0.141277,1543.7568,121.15388,100.612,10,18.694,4000
533,0.466532,1509.9766,148.240065,126.9316,10,21.196,4000
534,-0.064656,1544.0448,150.658635,131.7268,10,15.412,3667.4
535,-0.323527,1491.822,138.919355,37.108,9.970696,26.746,3935.05
536,0.430057,1525.641,133.02609,112.87,10,19.777,4000
537,-0.302737,1464.542,143.693915,37.306828,10,30.511,3896.2
538,-0.415792,1581.4106,123.251885,39.484,8.746872,17.37328,3946.25
539,0.22664,1507.849,136.103045,114.598,10,21.08476,3992.456
540,0.467282,1433.8978,144.61746,89.3044,6.288,39.511,4000
541,-0.37643,1459.1414,127.11305,37,10,31,3910
542,0.003166,1559.4514,123.972395,111.5146,10,12.202,3556.393
543,-0.040094,1435.679,153.498745,112.637044,10,30.45616,3820.05
544,0.127081,1563.9902,126.06683,108.7012,9.984861,16.88416,4000
545,0.408202,1526.8824,136.825935,116.8552,10,19.678,4000
546,-0.331628,1565.0328,121.259545,37,10,18.388,3990
547,-0.203809,1503.702,154.208615,128.8,10,20.836,3997.3
548,0.298247,1592.8372,149.88993,127.705312,9.986688,15.71044,3999.502
549,0.292515,1404.5668,132.85046,93.9808,9.99408,38.692,4000
550,0.385894,1526.4996,133.308435,118,10,13,3500
551,0.318463,1523.9242,146.645885,126.5293,10,20.11012,3999.7005
552,0.134414,1510.5246,122.3786,92.2528,10,22.66,3910.05
553,-0.405276,1447.9648,147.331885,37.003605,9.696,32.1514,3843.2
554,0.149199,1427.1026,126.274765,92.7604,10,33.472,4000
555,0.326071,1586.6074,146.58061,130.1824,10,16.30924,4000
556,0.251325,1455.119,128.50885,99.4564,10,28.62718,3910.35
557,-0.179648,1495.8632,153.32763,121.0132,10,22.57264,3989
558,0.05222,1448.2214,131.70274,102.427696,10,29.191,3780.95
559,-0.261228,1532.1904,131.78338,112.2868,10,19.32481,4000
560,-0.224219,1401.5242,148.00511,37,10,33.1,3500
561,0.320677,1551.1228,142.6261,122.52952,10,17.94622,3996.1
562,-0.259457,1590.3348,133.195735,116.92,10,15.71986,4000
563,-0.235058,1409.4028,151.17478,37,10,31.786,3500.044565
564,0.446723,1492.2622,150.6964,127.019728,10,22.36411,3961.1
565,0.256051,1439.7226,136.452765,105.491013,10,30.75532,3934.15
566,-0.058278,1524.5578,152.013205,122.672728,9.992,16.68568,3643.2
567,0.16589,1536.9282,147.04478,112.190464,9.98677,14.638,3598.716
568,0.162704,1442.5978,124.630465,95.776948,10,28.669,3898.2
569,-0.145042,1421.834,130.67668,37,10,29.5,3520
570,0.184835,1450.2938,131.500545,102.664,9.981268,28.75543,3884.55
571,-0.390811,1505.7032,138.792095,37.0216,10,24.34132,3924.65
572,-0.376913,1438.1758,145.587135,37,10,33.48517,3818.45
573,0.028484,1557.6762,140.12045,122.9032,10,17.065,4000
574,0.284208,1425.3814,125.25399,92.1016,10,33.112,3967.1115
575,0.458355,1417.093,125.845805,93.3868,9.960928,32.33905,3994.95
576,-0.308541,1445.5764,137.10261,37.0324,10,32.566,3824.35
577,0.288982,1593.92,145.04131,129.0592,10,15.589,3994.5995
578,-0.373193,1453.6992,130.994235,38.696788,9.916864,31.96,3880.2
579,0.015614,1485.0324,135.524845,110.6452,9.983779,24.41977,3915.85
580,0.194846,1569.9346,124.74544,107.0488,10,16.639,3997.991
581,0.170634,1598.2762,124.789505,109.8676,10,14.89333,3996.349
582,-0.038332,1446.4214,153.80384,118.98928,9.1264,29.743,4000
583,0.348856,1456.9298,150.876965,98.1712,10,27.997,3715.85
584,0.491395,1511.2482,138.40265,121.015684,10,16.555,3629.496
585,-0.266816,1423.663,131.28169,37,9.984,38.677,3987.3
586,0.36171,1494.9766,138.6718,116.2396,10,21.622,3944.65
587,-0.489581,1535.623,123.73541,39.3436,10,20.581,3934.45
588,-0.381831,1493.1326,139.563355,37.031968,10,26.00785,3914.6
589,-0.033486,1488.3276,124.32719,99.594424,10,24.59833,3909.916
590,0.201663,1575.2632,135.296015,120.3112,10,12.84832,3630.6115
591,0.375817,1512.4684,140.826575,125.2252,9.969944,14.236,3530
592,-0.342995,1431.6272,146.13261,37,10,38.068,4000
593,0.217865,1480.923,129.885505,104.932,10,24.532,3905
594,0.222157,1437.7676,129.69311,99.5104,9.888416,30.148,3907.4
595,0.258786,1551.8238,148.457275,129.8476,10,18.001,3994.5
596,-0.311892,1489.0218,142.78003,37.499716,10,27.271,3939.6
597,-0.348716,1469.7698,132.522055,40.3804,9.9952,30.28,3940
598,-0.150905,1571.649,145.539535,114.76,10,16.603,3995.8
599,0.357165,1454.2368,134.805595,100.639864,10,28.15,3710.4105
600,0.077606,1504.5222,136.71446,112.615876,10,21.898,3998.1115
601,0.373701,1578.7278,127.30968,111.0124,10,16.15012,3999.90203
602,0.2912,1438.4168,131.53614,101.055016,9.996,30.307,3992.637115
603,-0.207725,1556.6612,140.473635,113.8312,9.9864,17.644,3999.5735
604,0.309756,1558.3626,129.724855,115.537168,10,13.8385,3633
605,0.455322,1546.3212,144.759875,123.94,10,18.448,4000
606,0.123302,1472.7638,122.91515,95.78926,10,26.94628,3890.7
607,-0.17661,1544.3912,153.0099,120.5596,9.9776,18.133,4000
608,0.392839,1534.8506,141.861525,117.0064,10,19.12,4000
609,0.495763,1577.4706,143.29012,126.4672,10,16.624,3998.3
610,0.419854,1463.5014,130.16617,102.286,10,27.02119,3737.7185
611,0.00390500000000005,1591.026,142.439235,120.7972,9.998901,15.081856,4000
612,0.302826,1483.4602,136.914205,101.8,9.996768,24.13498,3883.7
613,0.445254,1487.0734,135.62036,106.444,10,22.861,3965.1
614,0.341206,1490.5506,138.973395,111.52,10,22.3,3960
615,-0.313654,1541.9658,126.906305,38.459728,10,20.54824,3968.65
616,-0.310717,1599.263,121.9145,41.428,8.754656,16.06015,3949.65
617,-0.312597,1529.4426,147.378645,42.73372,10,21.726851,3954.4
618,0.435531,1560.5244,148.3857,130.1824,10,17.728,3980
619,0.245489,1588.9144,139.545085,121.2508,10,15.418,3995.019
620,0.266634,1593.5628,134.723205,94.24,10,16,4000
621,0.259276,1443.5548,127.9394,98.923528,10,28.99813,3907.1
622,0.233005,1437.1378,125.595485,94.9744,9.998386,30.57214,3951.6025
623,0.407245,1420.8488,120.09114,87.8788,10,32.07688,3999.55
624,-0.392072,1437.7978,126.00138,37,10,27.4,3500
625,-0.26428,1437.3952,127.56875,37,10,27.082,3500
626,-0.361041,1586.9274,139.41548,39.184516,8.653256,17.06272,3945.3
627,-0.200752,1549.0692,125.13744,106.4548,10,18.05656,3974.02012
628,-0.074673,1553.229,151.197775,125.1172,10,13.138,3573.191
629,0.098627,1568.0118,145.18054,115.3216,10,16.504,4000
630,-0.212348,1508.4946,146.74616,37,10,25,4000
631,-0.492518,1481.9578,150.1196,37,9.952,26.89,3913.4
632,0.42228,1488.0214,134.932085,112.4596,10,22.312,3940.4
633,0.481114,1469.8478,128.81307,102.6856,10,25.585,3730
634,0.31659,1539.0776,144.527125,123.3136,10,18.96196,4000
635,0.331871,1459.8784,131.26083,101.534536,9.999576,27.12958,3918.45
636,-0.408923,1519.5584,124.845645,37.04752,9.3608,22.747,3939.5
637,0.073052,1457.3886,147.867245,107.4268,10,27.961,3840.35
638,-0.123748,1421.4412,122.70165,50.372776,10,37.573,4000
639,0.355941,1440.6928,125.882275,95.847472,9.997778,30.01837,3663.4
640,-0.049039,1596.2408,151.83831,118.756,10,14.90932,3999.0425
641,0.246788,1563.2848,134.947205,116.3368,10,16.957,4000
642,-0.338967,1487.7252,147.69942,37.0216,10,27.31732,3933.05
643,-0.151542,1418.014,126.701275,43.8796,10,38.407,4000
644,0.084019,1505.1952,138.830175,114.3064,10,21.76,3999.7955
645,0.144586,1457.7804,149.16088,109.09,10,28.08364,3871.75
646,-0.217012,1550.9156,145.0544,126.64,9.9856,17.374,4000
647,-0.275783,1546.8114,139.6364,121.0456,10,18.013,4000
648,-0.485462,1561.7028,150.049705,37.481248,8.996,18.832,3960.7
649,-0.067483,1584.3356,150.248435,120.322,10,15.42481,3998.64
650,0.080284,1475.1782,142.81496,108.2908,10,25.882,3926.8
651,0.385529,1456.8568,140.99321,110.5696,10,26.848,3876.7
652,-0.397061,1579.9896,147.164095,40.093552,8.697752,17.46847,3942.493
653,0.036229,1571.131,141.987035,121.3264,10,16.21564,4000
654,-0.010026,1490.1202,154.468105,116.596,10,23.8,3995.7
655,-0.087927,1427.171,122.324,54.9496,9.984,36.511,3999.628
656,-0.132928,1549.5428,124.014815,105.8716,10,18.109,4000
657,0.364655,1409.2214,153.116265,112.8268,9.7848,39.937,3998.05
658,-0.246938,1411.9482,139.957,37,10,40,4000
659,0.199558,1480.082,137.88528,102.920824,9.99989,25.11346,3911.25
660,-0.458699,1528.9786,139.803,37,9.184,21.56749,3924.9965
661,0.022952,1566.2122,124.737985,107.075584,9.9938,16.85332,3995
662,0.479585,1486.4782,131.626405,108.861364,10,22.68625,3934.3
663,0.20328,1576.8924,146.05316,127.612,9.984,16.261,3999.95
664,-0.35685,1495.2848,153.537735,37.5076,10,25.912,3925.9
665,-0.499341,1485.8218,122.034795,37,10,22,3500
666,-0.284798,1416.876,133.40633,37,10,40,3989.2
667,0.425232,1507.1646,154.3056,132.094,9.999848,21.83668,4000
668,-0.135517,1497.8332,120.593215,98.402428,10,22.186,3981.1835
669,-0.21472,1482.238,128.34456,70.21,9.840696,24.157,3739.3605
670,-0.334358,1473.498,154.970285,37,9.9816,29.08,3904.25
671,0.473519,1573.023,128.241135,111.7144,10,16.441,4000
672,-0.239191,1450.5866,153.913215,125.4844,9.1624,27.892,3971.25
673,0.412051,1533.6934,142.22591,127.4392,10,14.52214,3608.203
674,-0.161487,1451.2646,131.97462,99.1324,9.44,24.529,3714.75
675,-0.19921,1475.641,123.18892,37,10,30.268,4000
676,-0.019968,1595.3618,149.54756,125.665732,10,14.716,3999.81
677,0.135596,1539.8512,154.15741,127.5148,9.981216,15.5785,3659.6
678,-0.08599,1408.2502,154.673415,118.3564,10,36.124,3831.7
679,0.462813,1431.5436,130.555265,85.1896,6.5256,39.88255,4000
680,0.204437,1523.5038,145.873155,116.3584,10,19.699,3995.15
681,-0.029639,1446.8706,143.455285,113.259772,8.9104,30.07237,3993.163
682,0.437056,1403.917,132.717215,95.3416,10,37.279,3995
683,-0.252822,1597.1734,121.301335,105.1912,9.988816,15.727,3994.9615
684,0.311938,1552.2674,130.381105,111.6172,10,17.62,3989.6
685,-0.109318,1405.9526,130.8787,53.7616,9.9984,40,3990.15
686,-0.095083,1512.4398,125.244715,103.69,10,21.415,3986.7535
687,0.165167,1574.5084,126.576955,110.062,9.979904,16.255,4000
688,-0.172137,1406.0806,145.366495,43.6096,9.988784,39.99988,4000
689,-0.451166,1581.7726,125.635875,37,8.5488,17.5,3976.15
690,0.185651,1431.1138,138.493125,105.5152,8.994528,32.9035,3998.32
691,0.46081,1509.3002,121.595965,99.424,9.783728,21.268,3997.578
692,0.339358,1566.808,134.43463,116.997544,9.996744,16.88005,3996.7
693,0.413928,1401.8588,125.307225,87.3388,10,37.9039,3999.7
694,0.087589,1594.7516,142.56142,119.9872,10,14.87188,4000
695,-0.078223,1452.1116,153.038915,122.852008,10,28.02133,3863.5
696,0.372182,1582.4262,124.49491,106.6168,10,15.91018,3996.3415
697,0.358842,1553.4792,124.97161,110.6884,9.992,13.00897,3572.35
698,0.327671,1572.0208,140.87099,120.4732,10,10.777,3545.9
699,-0.226489,1527.2176,143.043265,123.7672,9.979328,19.2028,3999.75
700,-0.158703,1482.8788,140.07782,115.9372,9.8704,24.058,3951.95
701,-0.464501,1592.4676,153.79096,41.6332,8.40388,16.645,3928.3
702,-0.00397399999999998,1537.8876,139.18,116.80552,9.9944,18.61,3992.35
703,-0.222597,1570.089,141.011515,123.454,9.980338,16.393,3998.2
704,0.44844,1409.933,145.31522,109.6192,9.99992,35.56405,3688.7805
705,-0.326357,1428.1342,126.47626,38.08,9.92,28.438,3500.65
706,0.214959,1533.002,148.91273,123.4108,9.600128,19.015,3999.5175
707,-0.185606,1592.0658,136.092615,107.956,10,15.81109,3991.6185
708,0.038034,1455.0014,144.01063,106.0768,9.99884,28.147,3825.8465
709,-0.07246,1494.4352,136.159115,112.5676,10,23.54368,3981.372
710,0.22473,1517.4126,129.635325,103.96,10,20.8,4000
711,0.108668,1430.2924,123.666075,92.3932,10,31.153,3995.0065
712,0.093356,1503.091,124.216205,101.1736,10,22.342,3950.25
713,-0.228116,1471.0998,138.07274,37.7344,9.99844,30.77998,3978.55
714,0.486736,1411.282,145.476745,106.498,9.759848,38.833,3944.208
715,0.027033,1439.3574,151.44477,116.8876,8.792,31.40728,4000
716,-0.447207,1598.8002,153.34982,38.512,8.6656,16.285,3959.464
717,-0.415121,1417.8952,146.53581,37,9.998659,30.43471,3500
718,-0.25874,1500.1984,150.827965,124.48,10,21.439,4000
719,-0.386045,1480.7948,135.92815,37,9.996648,27.55,3901.322
720,0.402112,1545.547,137.13796,118.5616,9.995608,18.13999,3981.5
721,0.323343,1575.4638,121.84485,104.6404,10,16.195,3982.05
722,0.010736,1485.1326,142.644545,113.8852,10,24.28705,3936.15
723,-0.015048,1406.915,140.695115,100.692244,8.1656,39.98641,4000
724,0.352185,1446.6116,137.663485,104.7052,9.999416,29.053,3713.3
725,-0.387075,1455.3892,145.941685,37,9.828368,31.708,3880.893
726,-0.043102,1538.5134,137.42895,118.3672,10,14.803,3598.1
727,-0.147645,1509.5028,147.231925,119.7388,9.964788,17.21863,3619.5
728,-0.09155,1589.6274,130.713115,115.0948,9.999844,15.40786,3988.6
729,0.206568,1555.2476,140.19514,125.16904,10,14.51869,3661.6
730,-0.241194,1507.6306,134.660975,37,10,25,4000
731,0.00193699999999997,1491.085,126.364155,101.4652,10,24.013,3963.65
732,0.193457,1518.7652,153.63899,123.4864,10,20.143,4000
733,0.288845,1436.2928,141.17241,108.2584,8.1584,32.419,4000
734,-0.354094,1412.1658,144.459785,120.700864,8.3648,23.7478,3663.194
735,-0.46171,1501.8544,129.458505,37.756,10,24.475,3925.8
736,-0.10503,1420.305,122.47387,50.5756,10,37.65826,4000
737,0.229987,1448.409,148.57526,111.9952,10,29.11846,3892.65
738,-0.400465,1422.7818,138.387005,37,10,29.539,3500
739,-0.315689,1441.4898,143.38595,37.133812,10,26.65,3500
740,-0.393734,1403.1158,148.182,37,10,32.8,3500
741,-0.488287,1458.239,127.039025,37,10,25,3500
742,0.100997,1414.7444,140.55368,101.645884,7.948,38.89243,4000
743,-0.341562,1496.9884,134.138775,38.513728,10,25.72276,3923.95
744,-0.220376,1491.4004,148.04669,70.688656,10,23.28064,3754.9
745,-0.301856,1449.284,131.365725,37,10,33.316,3903.65
746,-0.122479,1513.5002,141.795305,116.6608,10,21.196,4000
747,0.188163,1498.912,129.414685,96.9184,10,23.191,3930.45
748,-0.112399,1541.3058,152.12027,117.0064,10,18.466,3997.25
749,-0.418422,1484.6292,128.69855,37.014688,10,26.63056,3897.65
750,-0.364868,1429.2414,144.99049,37,10,33.499,3812.8
751,-0.320781,1588.144,135.70128,37.054,8.824,16.98391,3957.0735
752,0.118833,1407.5676,138.243785,98.219584,8.4608,40,4000
753,0.294836,1478.9062,150.46715,100.126,9.974751,25.01263,3892.1
754,-0.022032,1460.3272,140.77936,113.325436,10,27.424,3869.65
755,-0.370203,1401.2836,146.97667,37,10,32.716,3500
756,0.208079,1419.9292,144.037825,106.2604,8.5112,37.705,4000
757,-0.056718,1442.1322,148.59066,115.7428,8.6488,31.153,4000
758,-0.468118,1571.531,150.43257,37.951804,8.62,18.121,3930.35
759,-0.137635,1402.2786,129.21298,101.33344,9.2152,27.69178,3634.7925
760,0.179211,1539.5284,151.32689,119.2096,9.992,18.481,3998.25
761,-0.316725,1438.9106,151.66576,37,10,33.442,3793.4
762,-0.299371,1565.3214,147.97081,41.6116,8.9336,18.36637,3962.35
763,0.262849,1520.1052,140.307525,115.0948,10,20.059,4000
764,0.180358,1410.054,123.585785,84.52,10,38.179,4000
765,0.092567,1559.7024,131.159015,116.579368,9.999358,13.786,3621.8
766,-0.194343,1404.9986,122.171575,100.177732,10,21.99319,3962.7
767,0.499593,1474.192,120.00098,94.739284,10,25.22422,3728.1
768,-0.16583,1484.1936,149.243445,80.5348,9.998112,23.91028,3746.086
769,-0.473524,1581.2242,153.20114,37.0648,8.64208,17.55778,3942.4
770,-0.30637,1477.5018,135.280195,37.141156,9.992,28.91278,3922.95
771,0.305734,1417.4502,142.386735,104.56048,8.6568,37.489,3995.397
772,0.24028,1416.354,126.770015,90.9676,9.997648,35.65,3999.9425
773,-0.00989200000000001,1448.8672,137.82774,108.764812,9.983976,28.54201,3816.6
774,-0.140139,1435.8572,130.08574,39.1168,9.996274,27.0298,3500
775,-0.244715,1573.5246,151.908135,124.2856,10,16.22914,3998.25
776,0.212167,1559.0466,127.893025,108.7336,9.9424,17.143,3992.55
777,-0.411935,1550.2968,135.387295,42.5296,8.461632,19.639,3924.4155
778,0.060246,1510.2674,150.58664,112.7836,9.998441,21.37099,3999.25
779,-0.374356,1495.7468,139.2801,37.223776,9.799776,25.99,3940.25
780,-0.050428,1425.8998,146.278735,111.415132,9.7816,31.96315,3811.25
781,0.043928,1404.0206,149.628375,109.5868,8.4216,39.99487,3999.75
782,0.142418,1488.4474,137.27684,98.3332,10,24.84256,3895.5
783,-0.436887,1462.6306,149.73327,37.1296,9.992,24.532,3500.3195
784,-0.34581,1440.1292,147.58175,122.4172,8.836896,25.138,3978.85
785,-0.441597,1532.5304,127.388325,37.188784,9.2184,21.289,3940.6865
786,0.00609400000000004,1483.9512,132.39035,105.8932,9.99948,24.973,3924.6
787,-0.349021,1489.6936,139.68183,37,9.993082,26.81866,3922.85
788,-0.288075,1406.5542,123.470495,37,10,32.608,3500
789,0.21742,1536.1976,146.921475,122.9248,10,18.91018,4000
790,-0.45546,1461.1828,148.974855,37,10,24.769,3500.3
791,-0.062533,1563.429,122.92873,111.5956,9.996,11.32054,3526.233
792,-0.269663,1402.816,149.325975,37,10,40,3998.85
793,0.200612,1432.9622,130.46374,101.060092,10,29.38909,3910.15
794,0.249991,1466.8782,147.0823,102.718,9.98999,26.70337,3910.3
795,-0.27987,1560.7258,151.551975,131.2732,10,16.576,4000
796,0.055037,1472.0056,128.90204,100.7416,10,26.80714,3896.1
797,0.00873599999999997,1498.0282,141.59941,112.13992,10,22.75528,3953.7
798,-0.107173,1524.9088,147.44875,114.5548,10,20.09272,3997.6
799,0.161853,1447.7532,141.560175,112.2004,10,29.254,3861.95
800,0.234854,1542.4404,138.00106,122.986576,10,14.88928,3639.25
801,-0.290709,1599.6642,128.459885,86.1508,9.981584,15.631,3984.45
802,-0.406078,1425.283,131.859575,37,9.9992,29.173,3500
803,-0.444765,1547.1636,129.291765,37,9.792992,19.759,3936
804,0.152161,1451.8432,144.24093,106.768,10,28.084,3791.8
805,0.272158,1412.6588,134.288925,96.508,8.6656,37.048,3999.85
806,-0.173568,1449.8772,137.242015,102.455236,9.046928,24.38671,3634
807,-0.1916,1535.4552,152.47153,126.64,9.9944,18.412,4000
808,0.329512,1557.971,132.18623,120.0088,10,12.01,3559.45
809,-0.384021,1543.3716,129.869265,40.7908,8.5992,20.344,3934.496
810,0.0684709999999999,1422.4212,152.67173,111.3904,9.9712,31.084,3756.85
811,0.0746250000000001,1580.191,143.603475,119.2312,10,15.6688,4000
812,0.405321,1446.068,133.05024,103.4308,10,29.59,3741.15
813,0.171813,1429.8764,149.418235,104.5756,9.858942,30.28,3712.4535
814,-0.335578,1432.3984,132.09313,37,10,27.93946,3500
815,0.432768,1540.252,151.11227,131.338,9.972504,19.45048,4000
816,0.28156,1513.8546,135.10992,100.7416,10,20.92009,3957.35
817,0.104871,1445.1424,142.05511,105.526458,10,29.035691,3770.05
818,-0.197379,1444.036,122.36607,44.357068,9.9908,34.654,4000
819,0.157652,1510.9062,127.64701,105.3424,10,21.118,3976.05
820,-0.181463,1476.5356,133.838195,85.8268,10,23.647,3726.7
821,-0.37818,1443.1626,123.35321,37.000924,10,32.75932,3826.8
822,0.273788,1476.6824,135.508115,102.5776,9.996,25.08376,3919.65
823,-0.114078,1551.623,120.40838,101.1844,10,18.142,3998.710115
824,-0.424556,1418.8148,138.77372,37.582768,10,30.367,3505.8765
825,-0.054021,1530.435,143.84431,117.7408,9.978163,19.31458,3994.623
826,-0.327429,1502.4646,120.18837,37,10,25.15918,3932.15
827,-0.356389,1413.309,150.744945,126.716572,8.3952,23.86669,3639.05
828,-0.432018,1484.7226,152.356065,37,10,26.437,3890.3
829,0.345049,1554.4178,149.92752,130.2364,10,18.283,4000
830,0.042167,1468.201,136.28641,106.336,9.965208,26.89141,3871.6
831,-0.0812,1525.3788,152.601485,119.9332,10,13.54,3507.001
832,-0.49471,1431.9806,130.021585,37,10,32.94496,3825.9
833,0.378807,1468.7262,123.782695,97.912,10,25.768,3934.2
834,0.382817,1531.092,128.54441,115.0084,10,13.014283,3509.5525
835,0.380436,1565.8112,154.554065,131.368564,10,17.6593,3997.5
836,0.319514,1415.3632,154.814325,114.76,9.68,40,4000
837,-0.248928,1515.088,139.93656,38.08,10,23.8,3970
838,0.065908,1413.926,129.940385,90.892,10,38.68381,4000
839,-0.273145,1534.3102,149.66852,130.9276,9.908968,18.199,3998.35
840,0.334829,1526.0638,124.08422,110.5156,10,13.37917,3500.05207
841,-0.119642,1521.0572,146.212375,116.5852,10,20.365,4000
842,-0.351634,1501.103,135.17873,37.051192,9.968,25.17232,3925.75
843,0.451302,1557.5444,126.11205,112.816,9.998652,12.823,3578.1
844,-0.29503,1580.856,128.995735,40.645648,8.794648,17.358203,3957.8
845,-0.434474,1531.5106,125.770205,37,9.1464,21.46426,3940.3
846,-0.101126,1511.5542,134.532385,111.992824,9.988906,21.769,3999.797085
847,0.398263,1597.5986,149.789655,131.7376,9.990312,15.90091,3999.86447
848,0.078252,1454.0332,136.52301,107.5456,10,28.636,3863.5905
849,0.39603,1424.3684,121.686615,90.0496,10,31.483,4000
850,-0.260293,1547.7726,144.181045,124.8796,10,17.74,4000
851,-0.322391,1554.8062,125.380935,44.56,8.4728,19.072,3937.25
852,0.138478,1489.2124,124.38214,95.968,10,24.922,3900
853,0.390029,1434.559,146.60938,113.2912,8.4544,32.0875,4000
854,0.300121,1544.8026,148.79632,123.3892,10,18.40006,3994.35
855,0.183068,1568.976,132.64872,115.03,10,16.50454,4000
856,0.388383,1542.8768,125.101425,106.174,9.988,18.33064,3976.3
857,0.323331,1578.3194,148.66241,131.5108,9.992,16.81561,3997.3035
858,0.112222,1499.3592,132.58712,106.876,9.997551,22.440173,3976.277
859,-0.097598,1543.2832,123.906525,105.1156,9.8336,18.4,3990.525
860,-0.178342,1576.6578,126.205465,109.4464,10,16.61023,4000
861,-0.063382,1583.6504,143.76101,118.6264,9.842208,15.4966,3998.05
862,0.058159,1450.144,139.729185,109.7272,9.926016,28.72021,3839.9615
863,-0.402237,1513.2432,136.79223,37.063504,9.997488,23.43691,3934
864,-0.00134499999999999,1445.458,120.933695,91.904068,9.997376,28.882,3661.001
865,0.459267,1453.4074,138.10795,109.237852,10,28.17631,3769.9
866,0.337058,1548.4776,134.088865,120.322,10,12.973,3573.1
867,-0.036883,1503.9656,137.574585,119.16802,10,18.36451,3636
868,0.183862,1516.9552,133.589065,111.8872,10,20.449,3999.984185
869,-0.236276,1461.9466,133.47556,114.999004,9.3096,18.44752,3500
870,0.4269,1479.7284,125.459545,98.4628,10,25.29664,3779.58
871,0.175735,1515.64,131.06469,110.1052,10,20.65054,3999.75
872,-0.383151,1470.3612,133.103685,37.009288,9.991576,29.4106,3903.9
873,0.155896,1574.97,145.77204,129.07864,9.200168,15.949,4000
874,0.368885,1527.6304,150.88351,129.772,10,20.12053,3994.875
875,0.34997,1564.277,124.61209,111.52,9.992384,12.43,3576.3
876,0.11626,1439.949,153.47568,107.6104,10,29.62519,3785.75
877,-0.034639,1528.0438,152.18012,126.4888,9.720512,16.906,3690.4
878,0.260633,1418.565,120.748195,84.9844,10,35.06314,4000
879,0.050461,1429.5042,130.79995,97.893748,9.976968,31.825,3727.6035
880,-0.363194,1424.8162,132.88987,37,10,33.592,3816.5735
881,0.191693,1522.5296,138.661475,110.44,10,20.011,4000
882,0.13153,1480.607,120.560245,94.5424,10,25.92319,3901.03
883,0.485188,1464.3126,120.31822,93.052,9.999033,27.18391,3734.9
884,0.490267,1562.1196,121.033375,109.9756,10,10.9858,3500.966
885,0.470667,1504.211,133.243895,110.46592,10,21.457,3998.9445
886,0.44259,1594.5134,136.63102,121.2076,9.99955,15.399337,3999.09628
887,0.103256,1496.6176,131.75839,98.2036,10,23.737,3916.9
888,0.024713,1450.8212,133.93791,104.8564,9.989656,28.654,3811
889,-0.146229,1567.5508,130.65197,119.7172,9.999565,10.85884,3500.21196
890,-0.188354,1591.4006,136.34171,118.9612,10,15.43948,3997.884
891,-0.428107,1522.9262,148.849485,37.01296,10,22.327,4000
892,-0.127634,1473.2618,120.8267,96.679288,9.933912,22.65622,3646.15
893,0.032823,1536.686,127.75439,113.1076,10,13.405,3542.9
894,0.278455,1452.8318,152.856355,108.670636,9.996873,28.17484,3912.05
895,-0.169602,1585.3508,150.98032,118.3672,10,15.769,4000
896,-0.25511,1423.3866,146.434835,112.2544,9.124,34.11391,3865.9
897,0.01413,1469.5442,137.019765,109.2088,10,26.632,3940.378
898,-0.482596,1433.6436,135.821505,37,10,32.866,3828.75
899,0.048567,1471.4078,141.296345,103.15,10,26.515,3853.45
900,0.284509,1492.9116,127.13083,99.315136,9.999436,23.334253,3917.55
